entity_id,system_name,tag_category,tag_key,tag_id,tag_label,confidence,source_id,evidence_excerpt,notes
system-algaebase,AlgaeBase,data_format,rdf_linked_data,tag-data-format-rdf-linked-data,RDF / linked data,0.85,src-algaebase-content,formatsOrStandards: published taxonomic information; linked resources,
system-algaebase,AlgaeBase,data_type,geographic_spatial,tag-data-type-geographic-spatial,Geographic / spatial,0.80,src-algaebase-content,dataTypes: taxonomy; nomenclature; distribution records; images; literature,
system-algaebase,AlgaeBase,data_type,images_media,tag-data-type-images-media,Images / media,0.82,src-algaebase-content,dataTypes: taxonomy; nomenclature; distribution records; images; literature,
system-algaebase,AlgaeBase,data_type,literature_reference,tag-data-type-literature-reference,Literature / reference,0.80,src-algaebase-content,dataTypes: taxonomy; nomenclature; distribution records; images; literature,
system-algaebase,AlgaeBase,data_type,occurrence_observation,tag-data-type-occurrence-observation,Occurrence / observation,0.88,src-algaebase-content,dataTypes: taxonomy; nomenclature; distribution records; images; literature,
system-algaebase,AlgaeBase,data_type,taxonomy_nomenclature,tag-data-type-taxonomy-nomenclature,Taxonomy / nomenclature,0.87,src-algaebase-content,dataTypes: taxonomy; nomenclature; distribution records; images; literature,
system-algaebase,AlgaeBase,read_method,web,tag-read-method-web,Web UI,0.80,src-algaebase-content,apiOrDownloadModes: web,
system-algaebase,AlgaeBase,write_method,no_direct_write,tag-write-method-no-direct-write,No direct write,0.75,src-algaebase-content,submissionSupported: no,
system-aquamaps,AquaMaps,data_format,raster_gridded,tag-data-format-raster-gridded,Raster / gridded layers,0.85,src-aquamaps-about,formatsOrStandards: environmental envelope modelling,
system-aquamaps,AquaMaps,data_type,geographic_spatial,tag-data-type-geographic-spatial,Geographic / spatial,0.80,src-aquamaps-about,dataTypes: predicted species distributions,
system-aquamaps,AquaMaps,data_type,model_forecast_reanalysis,tag-data-type-model-forecast-reanalysis,Model / forecast / reanalysis,0.84,src-aquamaps-about,dataTypes: predicted species distributions,
system-aquamaps,AquaMaps,data_type,occurrence_observation,tag-data-type-occurrence-observation,Occurrence / observation,0.88,src-aquamaps-about,dataTypes: predicted species distributions,
system-aquamaps,AquaMaps,read_method,download,tag-read-method-download,Download,0.86,src-aquamaps-about,apiOrDownloadModes: web; downloads,
system-aquamaps,AquaMaps,read_method,web,tag-read-method-web,Web UI,0.80,src-aquamaps-about,apiOrDownloadModes: web; downloads,
system-aquamaps,AquaMaps,write_method,no_direct_write,tag-write-method-no-direct-write,No direct write,0.75,src-aquamaps-about,submissionSupported: no,
system-argo-gdac,Argo Global Data Assembly Centers,data_format,bufr,tag-data-format-bufr,BUFR,0.90,src-argo-data,formatsOrStandards: NetCDF; BUFR; DOI snapshots,
system-argo-gdac,Argo Global Data Assembly Centers,data_format,doi_package,tag-data-format-doi-package,DOI package,0.85,src-argo-data,formatsOrStandards: NetCDF; BUFR; DOI snapshots,
system-argo-gdac,Argo Global Data Assembly Centers,data_format,identifier_vocab,tag-data-format-identifier-vocab,Identifier vocabulary,0.80,src-argo-data,formatsOrStandards: NetCDF; BUFR; DOI snapshots,
system-argo-gdac,Argo Global Data Assembly Centers,data_format,json,tag-data-format-json,JSON,0.80,src-argo-data,apiOrDownloadModes/formatsOrStandards: ftp; http; rsync; ERDDAP; THREDDS; JSON; NetCDF; BUFR; DOI snapshots,
system-argo-gdac,Argo Global Data Assembly Centers,data_format,netcdf,tag-data-format-netcdf,NetCDF,0.90,src-argo-data,formatsOrStandards: NetCDF; BUFR; DOI snapshots,
system-argo-gdac,Argo Global Data Assembly Centers,data_type,physical_oceanography,tag-data-type-physical-oceanography,Physical oceanography,0.82,src-argo-data,dataTypes: profile; trajectory; meta; technical float data,
system-argo-gdac,Argo Global Data Assembly Centers,data_type,platform_instrument_status,tag-data-type-platform-instrument-status,Platform / instrument status,0.78,src-argo-data,dataTypes: profile; trajectory; meta; technical float data,
system-argo-gdac,Argo Global Data Assembly Centers,read_method,erddap,tag-read-method-erddap,ERDDAP,0.90,src-argo-data,apiOrDownloadModes: ftp; http; rsync; ERDDAP; THREDDS; JSON,
system-argo-gdac,Argo Global Data Assembly Centers,read_method,ftp,tag-read-method-ftp,FTP,0.90,src-argo-data,apiOrDownloadModes: ftp; http; rsync; ERDDAP; THREDDS; JSON,
system-argo-gdac,Argo Global Data Assembly Centers,read_method,http,tag-read-method-http,HTTP,0.80,src-argo-data,apiOrDownloadModes: ftp; http; rsync; ERDDAP; THREDDS; JSON,
system-argo-gdac,Argo Global Data Assembly Centers,read_method,rsync,tag-read-method-rsync,rsync,0.90,src-argo-data,apiOrDownloadModes: ftp; http; rsync; ERDDAP; THREDDS; JSON,
system-argo-gdac,Argo Global Data Assembly Centers,read_method,thredds,tag-read-method-thredds,THREDDS,0.90,src-argo-data,apiOrDownloadModes: ftp; http; rsync; ERDDAP; THREDDS; JSON,
system-argo-gdac,Argo Global Data Assembly Centers,write_method,no_direct_write,tag-write-method-no-direct-write,No direct write,0.75,src-argo-data,submissionSupported: no,
system-argovis,Argovis,data_format,argo_standard,tag-data-format-argo-standard,Argo / profile standard,0.72,src-argovis-about,formatsOrStandards: API-ready profile and colocated datasets,conservative inference from profile-oriented data model
system-argovis,Argovis,data_type,atmospheric_time_series,tag-data-type-atmospheric-time-series,Atmospheric time series,0.82,src-argovis-about,dataTypes: Argo profiles; ship-based profiles; colocated ocean and atmosphere data,
system-argovis,Argovis,data_type,physical_oceanography,tag-data-type-physical-oceanography,Physical oceanography,0.82,src-argovis-about,dataTypes: Argo profiles; ship-based profiles; colocated ocean and atmosphere data,
system-argovis,Argovis,read_method,api,tag-read-method-api,API,0.85,src-argovis-about,apiOrDownloadModes: web; API; notebooks,
system-argovis,Argovis,read_method,sdk_notebook,tag-read-method-sdk-notebook,SDK / notebook,0.82,src-argovis-about,apiOrDownloadModes: web; API; notebooks,
system-argovis,Argovis,read_method,web,tag-read-method-web,Web UI,0.80,src-argovis-about,apiOrDownloadModes: web; API; notebooks,
system-argovis,Argovis,write_method,no_direct_write,tag-write-method-no-direct-write,No direct write,0.75,src-argovis-about,submissionSupported: no,
system-bold,Barcode of Life Data System,data_format,barcode_data_model,tag-data-format-barcode-data-model,Barcode data model,0.88,src-bold-mission,formatsOrStandards: Barcode Core Data Model; barcode standards,
system-bold,Barcode of Life Data System,data_format,raster_gridded,tag-data-format-raster-gridded,Raster / gridded layers,0.85,src-bold-mission,formatsOrStandards: Barcode Core Data Model; barcode standards,
system-bold,Barcode of Life Data System,data_format,sequence_standard,tag-data-format-sequence-standard,Sequence archive standard,0.88,src-bold-mission,formatsOrStandards: Barcode Core Data Model; barcode standards,
system-bold,Barcode of Life Data System,data_type,genomic_sequence,tag-data-type-genomic-sequence,Genomic / sequence,0.88,src-bold-mission,dataTypes: DNA barcodes; specimen links; taxonomic and distribution data,
system-bold,Barcode of Life Data System,data_type,geographic_spatial,tag-data-type-geographic-spatial,Geographic / spatial,0.80,src-bold-mission,dataTypes: DNA barcodes; specimen links; taxonomic and distribution data,
system-bold,Barcode of Life Data System,data_type,occurrence_observation,tag-data-type-occurrence-observation,Occurrence / observation,0.88,src-bold-mission,dataTypes: DNA barcodes; specimen links; taxonomic and distribution data,
system-bold,Barcode of Life Data System,data_type,sample_biosample,tag-data-type-sample-biosample,Sample / biosample,0.83,src-bold-mission,dataTypes: DNA barcodes; specimen links; taxonomic and distribution data,
system-bold,Barcode of Life Data System,data_type,taxonomy_nomenclature,tag-data-type-taxonomy-nomenclature,Taxonomy / nomenclature,0.87,src-bold-mission,dataTypes: DNA barcodes; specimen links; taxonomic and distribution data,
system-bold,Barcode of Life Data System,read_method,api,tag-read-method-api,API,0.85,src-bold-mission,apiOrDownloadModes: web; portal API,
system-bold,Barcode of Life Data System,read_method,federated_portal,tag-read-method-federated-portal,Federated portal/service,0.78,src-bold-mission,apiOrDownloadModes: web; portal API,
system-bold,Barcode of Life Data System,read_method,web,tag-read-method-web,Web UI,0.80,src-bold-mission,apiOrDownloadModes: web; portal API,
system-bold,Barcode of Life Data System,write_method,web_submission,tag-write-method-web-submission,Web submission,0.78,src-bold-mission,submissionSupported/apiOrDownloadModes: yes; web; portal API,
platform-bbnj-chm,BBNJ Clearing-House Mechanism (CHM),data_type,metadata_catalog_registry,tag-data-type-metadata-catalog-registry,Metadata catalogue / registry,0.68,src-ioc-pitch,The CHM is modeled here as a downstream treaty clearing-house platform.,manual supplemental research
platform-bbnj-chm,BBNJ Clearing-House Mechanism (CHM),data_type,policy_treaty_information,tag-data-type-policy-treaty-information,Policy / treaty information,0.75,src-ioc-pitch,The CHM is a planned treaty mechanism under the BBNJ implementation context.,manual supplemental research
platform-bbnj-chm,BBNJ Clearing-House Mechanism (CHM),read_method,web,tag-read-method-web,Web UI,0.80,src-ioc-pitch,apiOrDownloadModes: web platform,
platform-bbnj-chm,BBNJ Clearing-House Mechanism (CHM),write_method,planned_federation,tag-write-method-planned-federation,Planned federation,0.72,src-obis-support,OBIS frames itself as positioned to support CHM operationalization through a planned downstream synchronization path.,manual supplemental research
system-bco-dmo,BCO-DMO,data_format,community_standard,tag-data-format-community-standard,Community-specific standard,0.75,src-bcodmo-about,formatsOrStandards: repository-specific metadata; RDF; ERDDAP,
system-bco-dmo,BCO-DMO,data_format,metadata_schema,tag-data-format-metadata-schema,Metadata schema,0.82,src-bcodmo-about,formatsOrStandards: repository-specific metadata; RDF; ERDDAP,
system-bco-dmo,BCO-DMO,data_format,rdf_linked_data,tag-data-format-rdf-linked-data,RDF / linked data,0.85,src-bcodmo-about,formatsOrStandards: repository-specific metadata; RDF; ERDDAP,
system-bco-dmo,BCO-DMO,data_type,chemical_biogeochemical,tag-data-type-chemical-biogeochemical,Chemical / biogeochemical,0.86,src-bcodmo-about,dataTypes: biological; chemical; biogeochemical oceanography data,
system-bco-dmo,BCO-DMO,read_method,api,tag-read-method-api,API,0.85,src-bcodmo-about,apiOrDownloadModes: web; API; ERDDAP,
system-bco-dmo,BCO-DMO,read_method,erddap,tag-read-method-erddap,ERDDAP,0.90,src-bcodmo-about,apiOrDownloadModes: web; API; ERDDAP,
system-bco-dmo,BCO-DMO,read_method,web,tag-read-method-web,Web UI,0.80,src-bcodmo-about,apiOrDownloadModes: web; API; ERDDAP,
system-bco-dmo,BCO-DMO,write_method,api_write,tag-write-method-api-write,API write,0.68,src-bcodmo-about,apiOrDownloadModes + repository role: web; API; ERDDAP,Inferred because repository supports submission and exposes API-style access; verify before using as an operational integration path.
system-bco-dmo,BCO-DMO,write_method,preservation_copy,tag-write-method-preservation-copy,Preservation copy,0.88,src-bcodmo-about,BCO-DMO sends finalized published data packages for long-term curation to NCEI.,relationship-derived capability
system-bco-dmo,BCO-DMO,write_method,web_submission,tag-write-method-web-submission,Web submission,0.78,src-bcodmo-about,submissionSupported/apiOrDownloadModes: yes; web; API; ERDDAP,
system-bio-oracle,Bio-ORACLE,data_format,raster_gridded,tag-data-format-raster-gridded,Raster / gridded layers,0.85,src-biooracle-home,formatsOrStandards: raster layers; CMIP6 scenarios,
system-bio-oracle,Bio-ORACLE,data_format,sequence_standard,tag-data-format-sequence-standard,Sequence archive standard,0.88,src-biooracle-home,formatsOrStandards: raster layers; CMIP6 scenarios,
system-bio-oracle,Bio-ORACLE,data_type,chemical_biogeochemical,tag-data-type-chemical-biogeochemical,Chemical / biogeochemical,0.86,src-biooracle-home,dataTypes: physical layers; chemical layers; biological layers; topographic layers,
system-bio-oracle,Bio-ORACLE,data_type,environmental_layers,tag-data-type-environmental-layers,Environmental layers,0.84,src-biooracle-home,dataTypes: physical layers; chemical layers; biological layers; topographic layers,
system-bio-oracle,Bio-ORACLE,data_type,geographic_spatial,tag-data-type-geographic-spatial,Geographic / spatial,0.80,src-biooracle-home,dataTypes: physical layers; chemical layers; biological layers; topographic layers,
system-bio-oracle,Bio-ORACLE,data_type,physical_oceanography,tag-data-type-physical-oceanography,Physical oceanography,0.82,src-biooracle-home,dataTypes: physical layers; chemical layers; biological layers; topographic layers,
system-bio-oracle,Bio-ORACLE,read_method,download,tag-read-method-download,Download,0.86,src-biooracle-home,apiOrDownloadModes: web; download manager; R; Python,
system-bio-oracle,Bio-ORACLE,read_method,sdk_notebook,tag-read-method-sdk-notebook,SDK / notebook,0.82,src-biooracle-home,apiOrDownloadModes: web; download manager; R; Python,
system-bio-oracle,Bio-ORACLE,read_method,web,tag-read-method-web,Web UI,0.80,src-biooracle-home,apiOrDownloadModes: web; download manager; R; Python,
system-bio-oracle,Bio-ORACLE,write_method,no_direct_write,tag-write-method-no-direct-write,No direct write,0.75,src-biooracle-home,submissionSupported: no,
system-bismal,BISMaL,data_format,csv_tabular,tag-data-format-csv-tabular,CSV / tabular,0.86,src-bismal-occurrences,BISMaL occurrence downloads support CSV output.,manual supplemental research
system-bismal,BISMaL,data_format,darwin_core,tag-data-format-darwin-core,Darwin Core,0.95,src-bismal-data,BISMaL occurrence records are stored in DarwinCore format.,manual supplemental research
system-bismal,BISMaL,data_type,images_media,tag-data-type-images-media,Images / media,0.84,src-bismal-data,"BISMaL includes selected photographs and descriptions, and links to movies/images from JAMSTEC deep-sea image resources.",manual supplemental research
system-bismal,BISMaL,data_type,literature_reference,tag-data-type-literature-reference,Literature / reference,0.84,src-bismal-data,BISMaL registers publications and references for names and descriptions.,manual supplemental research
system-bismal,BISMaL,data_type,occurrence_observation,tag-data-type-occurrence-observation,Occurrence / observation,0.95,src-bismal-data,BISMaL data are roughly divided into occurrence records and taxon metadata.,manual supplemental research
system-bismal,BISMaL,data_type,taxonomy_nomenclature,tag-data-type-taxonomy-nomenclature,Taxonomy / nomenclature,0.92,src-bismal-data,BISMaL holds taxonomic information including valid and invalid names.,manual supplemental research
system-bismal,BISMaL,data_type,trait_ecology,tag-data-type-trait-ecology,Traits / ecology,0.80,src-bismal-about,BISMaL contents include brief descriptions of morphology/ecology for species or higher taxa.,manual supplemental research
system-bismal,BISMaL,read_method,download,tag-read-method-download,Download,0.90,src-bismal-occurrences,BISMaL occurrence records page provides occurrence record download options.,manual supplemental research
system-bismal,BISMaL,read_method,search_ui,tag-read-method-search-ui,Search / query UI,0.90,src-bismal-occurrences,BISMaL occurrence records page exposes advanced search fields.,manual supplemental research
system-bismal,BISMaL,read_method,web,tag-read-method-web,Web UI,0.95,src-bismal-home,"BISMaL provides taxonomic tree, occurrence records, and dataset pages through the website.",manual supplemental research
system-bismal,BISMaL,write_method,ipt_publish,tag-write-method-ipt-publish,IPT publish,0.86,src-obis-ipt,Existing BISMaL -> OBIS relationship uses IPT with Darwin Core Archive/Darwin Core.,manual supplemental research
system-bismal,BISMaL,write_method,manager_mediated_submission,tag-write-method-manager-mediated-submission,Manager-mediated submission,0.82,src-bismal-about,"BISMaL is operated by JAMSTEC/GODAC and works as J-OBIS, opening J-OBIS data to OBIS through BISMaL.",manual supplemental research
system-cioos,Canadian Integrated Ocean Observing System,data_format,metadata_schema,tag-data-format-metadata-schema,Metadata schema,0.82,src-cioos-about,formatsOrStandards: CKAN metadata catalogue,
system-cioos,Canadian Integrated Ocean Observing System,data_type,metadata_catalog_registry,tag-data-type-metadata-catalog-registry,Metadata catalogue / registry,0.84,src-cioos-about,dataTypes: oceanographic metadata; regional catalogue records,
system-cioos,Canadian Integrated Ocean Observing System,data_type,physical_oceanography,tag-data-type-physical-oceanography,Physical oceanography,0.82,src-cioos-about,dataTypes: oceanographic metadata; regional catalogue records,
system-cioos,Canadian Integrated Ocean Observing System,read_method,api,tag-read-method-api,API,0.85,src-cioos-about,apiOrDownloadModes: web; metadata catalogue; API,
system-cioos,Canadian Integrated Ocean Observing System,read_method,metadata_catalog,tag-read-method-metadata-catalog,Metadata catalogue,0.86,src-cioos-about,apiOrDownloadModes: web; metadata catalogue; API,
system-cioos,Canadian Integrated Ocean Observing System,read_method,web,tag-read-method-web,Web UI,0.80,src-cioos-about,apiOrDownloadModes: web; metadata catalogue; API,
system-cioos,Canadian Integrated Ocean Observing System,write_method,indirect_partner_submission,tag-write-method-indirect-partner-submission,Indirect partner submission,0.82,src-cioos-about,submissionSupported: indirect,
system-cmems-datastore,Copernicus Marine Data Store,data_format,netcdf,tag-data-format-netcdf,NetCDF,0.90,src-cmems-datastore,formatsOrStandards: NetCDF; Zarr; shapefiles,
system-cmems-datastore,Copernicus Marine Data Store,data_format,shapefile_gis,tag-data-format-shapefile-gis,Shapefile / GIS layers,0.85,src-cmems-datastore,formatsOrStandards: NetCDF; Zarr; shapefiles,
system-cmems-datastore,Copernicus Marine Data Store,data_format,zarr,tag-data-format-zarr,Zarr,0.90,src-cmems-datastore,formatsOrStandards: NetCDF; Zarr; shapefiles,
system-cmems-datastore,Copernicus Marine Data Store,data_type,data_product_visualization,tag-data-type-data-product-visualization,Data product / visualization,0.72,src-cmems-datastore,dataTypes: product catalogue; downloads; visualisation,
system-cmems-datastore,Copernicus Marine Data Store,data_type,metadata_catalog_registry,tag-data-type-metadata-catalog-registry,Metadata catalogue / registry,0.84,src-cmems-datastore,dataTypes: product catalogue; downloads; visualisation,
system-cmems-datastore,Copernicus Marine Data Store,read_method,download,tag-read-method-download,Download,0.86,src-cmems-datastore,apiOrDownloadModes: web; downloads; toolbox,
system-cmems-datastore,Copernicus Marine Data Store,read_method,toolbox,tag-read-method-toolbox,Toolbox,0.85,src-cmems-datastore,apiOrDownloadModes: web; downloads; toolbox,
system-cmems-datastore,Copernicus Marine Data Store,read_method,web,tag-read-method-web,Web UI,0.80,src-cmems-datastore,apiOrDownloadModes: web; downloads; toolbox,
system-cmems-datastore,Copernicus Marine Data Store,write_method,indirect_partner_submission,tag-write-method-indirect-partner-submission,Indirect partner submission,0.82,src-cmems-datastore,submissionSupported: indirect,
system-copernicus-marine,Copernicus Marine Service,data_format,netcdf,tag-data-format-netcdf,NetCDF,0.90,src-cmems-about,formatsOrStandards: NetCDF; Zarr; WMTS,
system-copernicus-marine,Copernicus Marine Service,data_format,zarr,tag-data-format-zarr,Zarr,0.90,src-cmems-about,formatsOrStandards: NetCDF; Zarr; WMTS,
system-copernicus-marine,Copernicus Marine Service,data_type,model_forecast_reanalysis,tag-data-type-model-forecast-reanalysis,Model / forecast / reanalysis,0.84,src-cmems-about,dataTypes: model outputs; observations; forecasts; reanalyses,
system-copernicus-marine,Copernicus Marine Service,data_type,occurrence_observation,tag-data-type-occurrence-observation,Occurrence / observation,0.88,src-cmems-about,dataTypes: model outputs; observations; forecasts; reanalyses,
system-copernicus-marine,Copernicus Marine Service,read_method,api,tag-read-method-api,API,0.85,src-cmems-about,apiOrDownloadModes: web; toolbox; APIs,
system-copernicus-marine,Copernicus Marine Service,read_method,ogc_wmts,tag-read-method-ogc-wmts,WMTS,0.90,src-cmems-about,formatsOrStandards/apiOrDownloadModes: NetCDF; Zarr; WMTS; web; toolbox; APIs,
system-copernicus-marine,Copernicus Marine Service,read_method,toolbox,tag-read-method-toolbox,Toolbox,0.85,src-cmems-about,apiOrDownloadModes: web; toolbox; APIs,
system-copernicus-marine,Copernicus Marine Service,read_method,web,tag-read-method-web,Web UI,0.80,src-cmems-about,apiOrDownloadModes: web; toolbox; APIs,
system-copernicus-marine,Copernicus Marine Service,write_method,no_direct_write,tag-write-method-no-direct-write,No direct write,0.75,src-cmems-about,submissionSupported: no,
system-datras,DATRAS,data_format,controlled_vocabulary,tag-data-format-controlled-vocabulary,Controlled vocabulary,0.84,src-datras,formatsOrStandards: ICES survey formats; ICES vocabularies,
system-datras,DATRAS,data_format,ices_exchange_format,tag-data-format-ices-exchange-format,ICES exchange format,0.86,src-datras,formatsOrStandards: ICES survey formats; ICES vocabularies,
system-datras,DATRAS,data_type,fisheries_catch_effort,tag-data-type-fisheries-catch-effort,Fisheries catch / effort,0.84,src-datras,dataTypes: trawl survey data; CPUE; indices,
system-datras,DATRAS,read_method,download,tag-read-method-download,Download,0.86,src-datras,apiOrDownloadModes: web; downloads; web services,
system-datras,DATRAS,read_method,web,tag-read-method-web,Web UI,0.80,src-datras,apiOrDownloadModes: web; downloads; web services,
system-datras,DATRAS,write_method,web_submission,tag-write-method-web-submission,Web submission,0.78,src-datras,submissionSupported/apiOrDownloadModes: yes; web; downloads; web services,
system-ddbj,DNA Data Bank of Japan,data_format,csv_tabular,tag-data-format-csv-tabular,CSV / tabular,0.80,src-ddbj-about,formatsOrStandards: INSDC standards; flat files,
system-ddbj,DNA Data Bank of Japan,data_format,sequence_standard,tag-data-format-sequence-standard,Sequence archive standard,0.88,src-ddbj-about,formatsOrStandards: INSDC standards; flat files,
system-ddbj,DNA Data Bank of Japan,data_type,genomic_sequence,tag-data-type-genomic-sequence,Genomic / sequence,0.88,src-ddbj-about,dataTypes: nucleotide sequences; reads; assemblies; metadata,
system-ddbj,DNA Data Bank of Japan,data_type,metadata_catalog_registry,tag-data-type-metadata-catalog-registry,Metadata catalogue / registry,0.84,src-ddbj-about,dataTypes: nucleotide sequences; reads; assemblies; metadata,
system-ddbj,DNA Data Bank of Japan,read_method,api,tag-read-method-api,API,0.85,src-ddbj-about,apiOrDownloadModes: web; API; downloads,
system-ddbj,DNA Data Bank of Japan,read_method,download,tag-read-method-download,Download,0.86,src-ddbj-about,apiOrDownloadModes: web; API; downloads,
system-ddbj,DNA Data Bank of Japan,read_method,web,tag-read-method-web,Web UI,0.80,src-ddbj-about,apiOrDownloadModes: web; API; downloads,
system-ddbj,DNA Data Bank of Japan,write_method,api_write,tag-write-method-api-write,API write,0.68,src-ddbj-about,apiOrDownloadModes + repository role: web; API; downloads,Inferred because repository supports submission and exposes API-style access; verify before using as an operational integration path.
system-ddbj,DNA Data Bank of Japan,write_method,federated_sync,tag-write-method-federated-sync,Federated sync,0.86,src-ddbj-about,system relationship/evidence: INSDC member data exchange relationships and source-backed inventory,
system-ddbj,DNA Data Bank of Japan,write_method,web_submission,tag-write-method-web-submission,Web submission,0.78,src-ddbj-about,submissionSupported/apiOrDownloadModes: yes; web; API; downloads,
system-dryad,Dryad,data_format,doi_package,tag-data-format-doi-package,DOI package,0.85,src-dryad-about,formatsOrStandards: generic research data,
system-dryad,Dryad,data_type,research_artifact_publication,tag-data-type-research-artifact-publication,Research artifact / publication,0.76,src-dryad-about,dataTypes: research datasets; supplementary data,
system-dryad,Dryad,read_method,doi_landing_page,tag-read-method-doi-landing-page,DOI landing page,0.86,src-dryad-about,apiOrDownloadModes: web; DOI landing pages; downloads,
system-dryad,Dryad,read_method,download,tag-read-method-download,Download,0.86,src-dryad-about,apiOrDownloadModes: web; DOI landing pages; downloads,
system-dryad,Dryad,read_method,web,tag-read-method-web,Web UI,0.80,src-dryad-about,apiOrDownloadModes: web; DOI landing pages; downloads,
system-dryad,Dryad,write_method,doi_archive_publish,tag-write-method-doi-archive-publish,DOI archive publish,0.83,src-dryad-about,formatsOrStandards/apiOrDownloadModes: generic research data; web; DOI landing pages; downloads,
system-dryad,Dryad,write_method,web_submission,tag-write-method-web-submission,Web submission,0.78,src-dryad-about,submissionSupported/apiOrDownloadModes: yes; web; DOI landing pages; downloads,
system-emodnet-biology,EMODnet Biology,data_format,controlled_vocabulary,tag-data-format-controlled-vocabulary,Controlled vocabulary,0.84,src-emodnet-biology,formatsOrStandards: Darwin Core; SeaDataNet vocabularies; NetCDF,
system-emodnet-biology,EMODnet Biology,data_format,darwin_core,tag-data-format-darwin-core,Darwin Core,0.90,src-emodnet-biology,formatsOrStandards: Darwin Core; SeaDataNet vocabularies; NetCDF,
system-emodnet-biology,EMODnet Biology,data_format,netcdf,tag-data-format-netcdf,NetCDF,0.90,src-emodnet-biology,formatsOrStandards: Darwin Core; SeaDataNet vocabularies; NetCDF,
system-emodnet-biology,EMODnet Biology,data_format,seadatanet_standard,tag-data-format-seadatanet-standard,SeaDataNet standard,0.88,src-emodnet-biology,formatsOrStandards: Darwin Core; SeaDataNet vocabularies; NetCDF,
system-emodnet-biology,EMODnet Biology,data_type,abundance,tag-data-type-abundance,Abundance,0.88,src-emodnet-biology,dataTypes: occurrences; abundance; traits; products,
system-emodnet-biology,EMODnet Biology,data_type,data_product_visualization,tag-data-type-data-product-visualization,Data product / visualization,0.72,src-emodnet-biology,dataTypes: occurrences; abundance; traits; products,
system-emodnet-biology,EMODnet Biology,data_type,occurrence_observation,tag-data-type-occurrence-observation,Occurrence / observation,0.88,src-emodnet-biology,dataTypes: occurrences; abundance; traits; products,
system-emodnet-biology,EMODnet Biology,data_type,research_artifact_publication,tag-data-type-research-artifact-publication,Research artifact / publication,0.76,src-emodnet-biology,dataTypes: occurrences; abundance; traits; products,
system-emodnet-biology,EMODnet Biology,data_type,trait_ecology,tag-data-type-trait-ecology,Traits / ecology,0.82,src-emodnet-biology,dataTypes: occurrences; abundance; traits; products,
system-emodnet-biology,EMODnet Biology,read_method,download,tag-read-method-download,Download,0.86,src-emodnet-biology,apiOrDownloadModes: web; WFS; downloads,
system-emodnet-biology,EMODnet Biology,read_method,ogc_wfs,tag-read-method-ogc-wfs,WFS,0.90,src-emodnet-biology,apiOrDownloadModes: web; WFS; downloads,
system-emodnet-biology,EMODnet Biology,read_method,web,tag-read-method-web,Web UI,0.80,src-emodnet-biology,apiOrDownloadModes: web; WFS; downloads,
system-emodnet-biology,EMODnet Biology,write_method,harvested_node,tag-write-method-harvested-node,Harvested node,0.86,src-seadatanet-cdi,SeaDataNet CDI evidence says its API is used by EMODnet Biology for periodic harvesting.,relationship-derived capability
system-emodnet-biology,EMODnet Biology,write_method,web_submission,tag-write-method-web-submission,Web submission,0.78,src-emodnet-biology,submissionSupported/apiOrDownloadModes: yes; web; WFS; downloads,
system-euro-argo,Euro-Argo ERIC,data_format,argo_standard,tag-data-format-argo-standard,Argo / profile standard,0.78,src-euroargo-leaflet,formatsOrStandards: Argo standards; quality controlled profiles,
system-euro-argo,Euro-Argo ERIC,data_type,chemical_biogeochemical,tag-data-type-chemical-biogeochemical,Chemical / biogeochemical,0.86,src-euroargo-leaflet,dataTypes: Argo float profiles; deep Argo; biogeochemical Argo,
system-euro-argo,Euro-Argo ERIC,data_type,physical_oceanography,tag-data-type-physical-oceanography,Physical oceanography,0.82,src-euroargo-leaflet,dataTypes: Argo float profiles; deep Argo; biogeochemical Argo,
system-euro-argo,Euro-Argo ERIC,read_method,federated_portal,tag-read-method-federated-portal,Federated portal/service,0.78,src-euroargo-leaflet,apiOrDownloadModes: web; data services; quality controlled access,
system-euro-argo,Euro-Argo ERIC,read_method,web,tag-read-method-web,Web UI,0.80,src-euroargo-leaflet,apiOrDownloadModes: web; data services; quality controlled access,
system-euro-argo,Euro-Argo ERIC,write_method,indirect_partner_submission,tag-write-method-indirect-partner-submission,Indirect partner submission,0.78,src-euroargo-leaflet,submissionSupported/system role: no; Euro-Argo ERIC,
system-euro-argo,Euro-Argo ERIC,write_method,no_direct_write,tag-write-method-no-direct-write,No direct write,0.75,src-euroargo-leaflet,submissionSupported: no,
system-emodnet,European Marine Observation and Data Network,data_format,community_standard,tag-data-format-community-standard,Community-specific standard,0.75,src-emodnet-about,formatsOrStandards: theme-specific standards,
system-emodnet,European Marine Observation and Data Network,data_type,data_product_visualization,tag-data-type-data-product-visualization,Data product / visualization,0.72,src-emodnet-about,dataTypes: marine observations; products; thematic services,
system-emodnet,European Marine Observation and Data Network,data_type,occurrence_observation,tag-data-type-occurrence-observation,Occurrence / observation,0.88,src-emodnet-about,dataTypes: marine observations; products; thematic services,
system-emodnet,European Marine Observation and Data Network,data_type,research_artifact_publication,tag-data-type-research-artifact-publication,Research artifact / publication,0.76,src-emodnet-about,dataTypes: marine observations; products; thematic services,
system-emodnet,European Marine Observation and Data Network,read_method,api,tag-read-method-api,API,0.85,src-emodnet-about,apiOrDownloadModes: web; viewer; APIs vary,
system-emodnet,European Marine Observation and Data Network,read_method,dashboard_viewer,tag-read-method-dashboard-viewer,Dashboard / viewer,0.80,src-emodnet-about,apiOrDownloadModes: web; viewer; APIs vary,
system-emodnet,European Marine Observation and Data Network,read_method,web,tag-read-method-web,Web UI,0.80,src-emodnet-about,apiOrDownloadModes: web; viewer; APIs vary,
system-emodnet,European Marine Observation and Data Network,write_method,no_direct_write,tag-write-method-no-direct-write,No direct write,0.75,src-emodnet-about,submissionSupported: no,
system-ena,European Nucleotide Archive,data_format,metadata_schema,tag-data-format-metadata-schema,Metadata schema,0.82,src-ena-what,formatsOrStandards: INSDC standards; ENA schemas,
system-ena,European Nucleotide Archive,data_format,sequence_standard,tag-data-format-sequence-standard,Sequence archive standard,0.88,src-ena-what,formatsOrStandards: INSDC standards; ENA schemas,
system-ena,European Nucleotide Archive,data_type,genomic_sequence,tag-data-type-genomic-sequence,Genomic / sequence,0.88,src-ena-what,dataTypes: nucleotide sequences; reads; assemblies; metadata,
system-ena,European Nucleotide Archive,data_type,metadata_catalog_registry,tag-data-type-metadata-catalog-registry,Metadata catalogue / registry,0.84,src-ena-what,dataTypes: nucleotide sequences; reads; assemblies; metadata,
system-ena,European Nucleotide Archive,read_method,api,tag-read-method-api,API,0.85,src-ena-what,apiOrDownloadModes: web; API; FTP,
system-ena,European Nucleotide Archive,read_method,ftp,tag-read-method-ftp,FTP,0.90,src-ena-what,apiOrDownloadModes: web; API; FTP,
system-ena,European Nucleotide Archive,read_method,web,tag-read-method-web,Web UI,0.80,src-ena-what,apiOrDownloadModes: web; API; FTP,
system-ena,European Nucleotide Archive,write_method,api_write,tag-write-method-api-write,API write,0.68,src-ena-what,apiOrDownloadModes + repository role: web; API; FTP,Inferred because repository supports submission and exposes API-style access; verify before using as an operational integration path.
system-ena,European Nucleotide Archive,write_method,federated_sync,tag-write-method-federated-sync,Federated sync,0.86,src-ena-what,system relationship/evidence: INSDC member data exchange relationships and source-backed inventory,
system-ena,European Nucleotide Archive,write_method,web_submission,tag-write-method-web-submission,Web submission,0.78,src-ena-what,submissionSupported/apiOrDownloadModes: yes; web; API; FTP,
system-eurobis,European Ocean Biodiversity Information System,data_format,darwin_core,tag-data-format-darwin-core,Darwin Core,0.90,src-eurobis-home,formatsOrStandards: Darwin Core; eMoF; WoRMS matching,
system-eurobis,European Ocean Biodiversity Information System,data_format,emof,tag-data-format-emof,Extended MeasurementOrFact,0.90,src-eurobis-home,formatsOrStandards: Darwin Core; eMoF; WoRMS matching,
system-eurobis,European Ocean Biodiversity Information System,data_format,identifier_vocab,tag-data-format-identifier-vocab,Identifier vocabulary,0.80,src-eurobis-home,formatsOrStandards: Darwin Core; eMoF; WoRMS matching,
system-eurobis,European Ocean Biodiversity Information System,data_type,geographic_spatial,tag-data-type-geographic-spatial,Geographic / spatial,0.80,src-eurobis-home,dataTypes: occurrences; eMoF; species distribution data,
system-eurobis,European Ocean Biodiversity Information System,data_type,occurrence_observation,tag-data-type-occurrence-observation,Occurrence / observation,0.88,src-eurobis-home,dataTypes: occurrences; eMoF; species distribution data,
system-eurobis,European Ocean Biodiversity Information System,read_method,download,tag-read-method-download,Download,0.86,src-eurobis-home,apiOrDownloadModes: web; downloads; DOI archiving,
system-eurobis,European Ocean Biodiversity Information System,read_method,web,tag-read-method-web,Web UI,0.80,src-eurobis-home,apiOrDownloadModes: web; downloads; DOI archiving,
system-eurobis,European Ocean Biodiversity Information System,write_method,doi_archive_publish,tag-write-method-doi-archive-publish,DOI archive publish,0.83,src-eurobis-home,formatsOrStandards/apiOrDownloadModes: Darwin Core; eMoF; WoRMS matching; web; downloads; DOI archiving,
system-eurobis,European Ocean Biodiversity Information System,write_method,ipt_publish,tag-write-method-ipt-publish,IPT publish,0.84,src-eurobis-home,EurOBIS is the European OBIS node and publishes marine species distribution data within the OBIS network.,relationship-derived capability
system-eurobis,European Ocean Biodiversity Information System,write_method,web_submission,tag-write-method-web-submission,Web submission,0.78,src-eurobis-home,submissionSupported/apiOrDownloadModes: yes; web; downloads; DOI archiving,
system-fao-fishstat,FAO FishStat and Fishery Statistics,data_format,statistical_collection,tag-data-format-statistical-collection,Statistical collection,0.86,src-fao-fishstat,formatsOrStandards: FAO statistical collections,
system-fao-fishstat,FAO FishStat and Fishery Statistics,data_type,aquaculture_statistics,tag-data-type-aquaculture-statistics,Aquaculture / production statistics,0.82,src-fao-fishstat,dataTypes: production statistics; aquaculture statistics; yearbooks,
system-fao-fishstat,FAO FishStat and Fishery Statistics,read_method,download,tag-read-method-download,Download,0.86,src-fao-fishstat,apiOrDownloadModes: web; query panels; downloads,
system-fao-fishstat,FAO FishStat and Fishery Statistics,read_method,search_ui,tag-read-method-search-ui,Search / query UI,0.84,src-fao-fishstat,apiOrDownloadModes: web; query panels; downloads,
system-fao-fishstat,FAO FishStat and Fishery Statistics,read_method,web,tag-read-method-web,Web UI,0.80,src-fao-fishstat,apiOrDownloadModes: web; query panels; downloads,
system-fao-fishstat,FAO FishStat and Fishery Statistics,write_method,no_direct_write,tag-write-method-no-direct-write,No direct write,0.75,src-fao-fishstat,submissionSupported: no,
system-fishbase,FishBase,data_format,rdf_linked_data,tag-data-format-rdf-linked-data,RDF / linked data,0.85,src-fishbase-intro,formatsOrStandards: relational database; linked species data,
system-fishbase,FishBase,data_format,relational_database,tag-data-format-relational-database,Relational database,0.80,src-fishbase-intro,formatsOrStandards: relational database; linked species data,
system-fishbase,FishBase,data_type,fisheries_catch_effort,tag-data-type-fisheries-catch-effort,Fisheries catch / effort,0.84,src-fishbase-intro,dataTypes: species accounts; ecology; fisheries traits,
system-fishbase,FishBase,data_type,taxonomy_nomenclature,tag-data-type-taxonomy-nomenclature,Taxonomy / nomenclature,0.87,src-fishbase-intro,dataTypes: species accounts; ecology; fisheries traits,
system-fishbase,FishBase,data_type,trait_ecology,tag-data-type-trait-ecology,Traits / ecology,0.82,src-fishbase-intro,dataTypes: species accounts; ecology; fisheries traits,
system-fishbase,FishBase,read_method,download,tag-read-method-download,Download,0.86,src-fishbase-intro,apiOrDownloadModes: web; downloads vary,
system-fishbase,FishBase,read_method,web,tag-read-method-web,Web UI,0.80,src-fishbase-intro,apiOrDownloadModes: web; downloads vary,
system-fishbase,FishBase,write_method,no_direct_write,tag-write-method-no-direct-write,No direct write,0.75,src-fishbase-intro,submissionSupported: no,
system-genbank,GenBank,data_format,fasta,tag-data-format-fasta,FASTA,0.90,src-genbank-overview,formatsOrStandards: INSDC standards; FASTA; GenBank flat file,
system-genbank,GenBank,data_format,genbank_flat_file,tag-data-format-genbank-flat-file,GenBank flat file,0.90,src-genbank-overview,formatsOrStandards: INSDC standards; FASTA; GenBank flat file,
system-genbank,GenBank,data_format,sequence_standard,tag-data-format-sequence-standard,Sequence archive standard,0.88,src-genbank-overview,formatsOrStandards: INSDC standards; FASTA; GenBank flat file,
system-genbank,GenBank,data_type,genomic_sequence,tag-data-type-genomic-sequence,Genomic / sequence,0.88,src-genbank-overview,dataTypes: nucleotide sequences; reads; assemblies; metadata,
system-genbank,GenBank,data_type,metadata_catalog_registry,tag-data-type-metadata-catalog-registry,Metadata catalogue / registry,0.84,src-genbank-overview,dataTypes: nucleotide sequences; reads; assemblies; metadata,
system-genbank,GenBank,read_method,api,tag-read-method-api,API,0.85,src-genbank-overview,apiOrDownloadModes: web; API; FTP,
system-genbank,GenBank,read_method,ftp,tag-read-method-ftp,FTP,0.90,src-genbank-overview,apiOrDownloadModes: web; API; FTP,
system-genbank,GenBank,read_method,web,tag-read-method-web,Web UI,0.80,src-genbank-overview,apiOrDownloadModes: web; API; FTP,
system-genbank,GenBank,write_method,api_write,tag-write-method-api-write,API write,0.68,src-genbank-overview,apiOrDownloadModes + repository role: web; API; FTP,Inferred because repository supports submission and exposes API-style access; verify before using as an operational integration path.
system-genbank,GenBank,write_method,federated_sync,tag-write-method-federated-sync,Federated sync,0.86,src-genbank-overview,system relationship/evidence: INSDC member data exchange relationships and source-backed inventory,
system-genbank,GenBank,write_method,web_submission,tag-write-method-web-submission,Web submission,0.78,src-genbank-overview,submissionSupported/apiOrDownloadModes: yes; web; API; FTP,
system-geome,Genomic Observatories MetaDatabase,data_format,csv_tabular,tag-data-format-csv-tabular,CSV / tabular,0.80,src-geome-home,formatsOrStandards: Darwin Core; MIxS; CSV,
system-geome,Genomic Observatories MetaDatabase,data_format,darwin_core,tag-data-format-darwin-core,Darwin Core,0.90,src-geome-home,formatsOrStandards: Darwin Core; MIxS; CSV,
system-geome,Genomic Observatories MetaDatabase,data_format,metadata_schema,tag-data-format-metadata-schema,Metadata schema,0.82,src-geome-home,formatsOrStandards: Darwin Core; MIxS; CSV,
system-geome,Genomic Observatories MetaDatabase,data_type,genomic_sequence,tag-data-type-genomic-sequence,Genomic / sequence,0.88,src-geome-home,dataTypes: biosample metadata; geospatial metadata; ecological metadata; sequence links,
system-geome,Genomic Observatories MetaDatabase,data_type,geographic_spatial,tag-data-type-geographic-spatial,Geographic / spatial,0.80,src-geome-home,dataTypes: biosample metadata; geospatial metadata; ecological metadata; sequence links,
system-geome,Genomic Observatories MetaDatabase,data_type,metadata_catalog_registry,tag-data-type-metadata-catalog-registry,Metadata catalogue / registry,0.84,src-geome-home,dataTypes: biosample metadata; geospatial metadata; ecological metadata; sequence links,
system-geome,Genomic Observatories MetaDatabase,data_type,sample_biosample,tag-data-type-sample-biosample,Sample / biosample,0.83,src-geome-home,dataTypes: biosample metadata; geospatial metadata; ecological metadata; sequence links,
system-geome,Genomic Observatories MetaDatabase,data_type,trait_ecology,tag-data-type-trait-ecology,Traits / ecology,0.82,src-geome-home,dataTypes: biosample metadata; geospatial metadata; ecological metadata; sequence links,
system-geome,Genomic Observatories MetaDatabase,read_method,web,tag-read-method-web,Web UI,0.80,src-geome-home,apiOrDownloadModes: web; templates; CSV; metadata workflows,
system-geome,Genomic Observatories MetaDatabase,write_method,template_csv_workflow,tag-write-method-template-csv-workflow,Template / CSV workflow,0.85,src-geome-home,apiOrDownloadModes: web; templates; CSV; metadata workflows,
system-geome,Genomic Observatories MetaDatabase,write_method,web_submission,tag-write-method-web-submission,Web submission,0.78,src-geome-home,submissionSupported/apiOrDownloadModes: yes; web; templates; CSV; metadata workflows,
system-gbif,Global Biodiversity Information Facility,data_format,darwin_core,tag-data-format-darwin-core,Darwin Core,0.90,src-gbif-what-is,formatsOrStandards: Darwin Core; DwC-A,
system-gbif,Global Biodiversity Information Facility,data_format,darwin_core_archive,tag-data-format-darwin-core-archive,Darwin Core Archive,0.90,src-gbif-what-is,formatsOrStandards: Darwin Core; DwC-A,
system-gbif,Global Biodiversity Information Facility,data_type,genomic_sequence,tag-data-type-genomic-sequence,Genomic / sequence,0.88,src-gbif-what-is,dataTypes: occurrences; specimens; observations; DNA barcodes,
system-gbif,Global Biodiversity Information Facility,data_type,occurrence_observation,tag-data-type-occurrence-observation,Occurrence / observation,0.88,src-gbif-what-is,dataTypes: occurrences; specimens; observations; DNA barcodes,
system-gbif,Global Biodiversity Information Facility,read_method,api,tag-read-method-api,API,0.85,src-gbif-what-is,apiOrDownloadModes: web; API; downloads; IPT,
system-gbif,Global Biodiversity Information Facility,read_method,download,tag-read-method-download,Download,0.86,src-gbif-what-is,apiOrDownloadModes: web; API; downloads; IPT,
system-gbif,Global Biodiversity Information Facility,read_method,ipt,tag-read-method-ipt,IPT,0.90,src-gbif-what-is,apiOrDownloadModes: web; API; downloads; IPT,
system-gbif,Global Biodiversity Information Facility,read_method,web,tag-read-method-web,Web UI,0.80,src-gbif-what-is,apiOrDownloadModes: web; API; downloads; IPT,
system-gbif,Global Biodiversity Information Facility,write_method,ipt_publish,tag-write-method-ipt-publish,IPT publish,0.86,src-gbif-what-is,apiOrDownloadModes/evidence: web; API; downloads; IPT,
system-gbif,Global Biodiversity Information Facility,write_method,web_submission,tag-write-method-web-submission,Web submission,0.78,src-gbif-what-is,submissionSupported/apiOrDownloadModes: yes; web; API; downloads; IPT,
system-ggbn,Global Genome Biodiversity Network,data_format,darwin_core,tag-data-format-darwin-core,Darwin Core,0.90,src-ggbn-about,formatsOrStandards: Darwin Core extensions; sample metadata,
system-ggbn,Global Genome Biodiversity Network,data_format,metadata_schema,tag-data-format-metadata-schema,Metadata schema,0.82,src-ggbn-about,formatsOrStandards: Darwin Core extensions; sample metadata,
system-ggbn,Global Genome Biodiversity Network,data_type,genomic_sequence,tag-data-type-genomic-sequence,Genomic / sequence,0.88,src-ggbn-about,dataTypes: sample collections; DNA and tissue metadata,
system-ggbn,Global Genome Biodiversity Network,data_type,metadata_catalog_registry,tag-data-type-metadata-catalog-registry,Metadata catalogue / registry,0.84,src-ggbn-about,dataTypes: sample collections; DNA and tissue metadata,
system-ggbn,Global Genome Biodiversity Network,data_type,sample_biosample,tag-data-type-sample-biosample,Sample / biosample,0.83,src-ggbn-about,dataTypes: sample collections; DNA and tissue metadata,
system-ggbn,Global Genome Biodiversity Network,read_method,api,tag-read-method-api,API,0.85,src-ggbn-about,apiOrDownloadModes: web; portal; API varies,
system-ggbn,Global Genome Biodiversity Network,read_method,federated_portal,tag-read-method-federated-portal,Federated portal/service,0.78,src-ggbn-about,apiOrDownloadModes: web; portal; API varies,
system-ggbn,Global Genome Biodiversity Network,read_method,web,tag-read-method-web,Web UI,0.80,src-ggbn-about,apiOrDownloadModes: web; portal; API varies,
system-ggbn,Global Genome Biodiversity Network,write_method,web_submission,tag-write-method-web-submission,Web submission,0.78,src-ggbn-about,submissionSupported/apiOrDownloadModes: yes; web; portal; API varies,
system-glodap,Global Ocean Data Analysis Project,data_format,analytical_product,tag-data-format-analytical-product,Analytical product,0.76,src-glodap-about,formatsOrStandards: quality controlled cruise synthesis files,conservative inference from synthesis-file product type
system-glodap,Global Ocean Data Analysis Project,data_type,chemical_biogeochemical,tag-data-type-chemical-biogeochemical,Chemical / biogeochemical,0.86,src-glodap-about,dataTypes: salinity; oxygen; nutrients; DIC; alkalinity; pH; tracers,
system-glodap,Global Ocean Data Analysis Project,data_type,physical_oceanography,tag-data-type-physical-oceanography,Physical oceanography,0.82,src-glodap-about,dataTypes: salinity; oxygen; nutrients; DIC; alkalinity; pH; tracers,
system-glodap,Global Ocean Data Analysis Project,read_method,download,tag-read-method-download,Download,0.86,src-glodap-about,apiOrDownloadModes: web; downloads,
system-glodap,Global Ocean Data Analysis Project,read_method,web,tag-read-method-web,Web UI,0.80,src-glodap-about,apiOrDownloadModes: web; downloads,
system-glodap,Global Ocean Data Analysis Project,write_method,web_submission,tag-write-method-web-submission,Web submission,0.78,src-glodap-about,submissionSupported/apiOrDownloadModes: yes; web; downloads,
system-go-ship,Global Ocean Ship-based Hydrographic Investigations Program,data_format,argo_standard,tag-data-format-argo-standard,Argo / profile standard,0.78,src-us-goship-about,formatsOrStandards: repeat hydrography cruise data,
system-go-ship,Global Ocean Ship-based Hydrographic Investigations Program,data_type,chemical_biogeochemical,tag-data-type-chemical-biogeochemical,Chemical / biogeochemical,0.86,src-us-goship-about,dataTypes: full-depth hydrography; carbon; oxygen; nutrients; biogeochemistry,
system-go-ship,Global Ocean Ship-based Hydrographic Investigations Program,data_type,physical_oceanography,tag-data-type-physical-oceanography,Physical oceanography,0.82,src-us-goship-about,dataTypes: full-depth hydrography; carbon; oxygen; nutrients; biogeochemistry,
system-go-ship,Global Ocean Ship-based Hydrographic Investigations Program,read_method,download,tag-read-method-download,Download,0.86,src-us-goship-about,apiOrDownloadModes: web; cruise data downloads,
system-go-ship,Global Ocean Ship-based Hydrographic Investigations Program,read_method,web,tag-read-method-web,Web UI,0.80,src-us-goship-about,apiOrDownloadModes: web; cruise data downloads,
system-go-ship,Global Ocean Ship-based Hydrographic Investigations Program,write_method,indirect_partner_submission,tag-write-method-indirect-partner-submission,Indirect partner submission,0.82,src-us-goship-about,submissionSupported: indirect,
system-ices-data,ICES Marine Data,data_format,community_standard,tag-data-format-community-standard,Community-specific standard,0.75,src-ices-data,formatsOrStandards: ICES data formats; theme-specific packages,
system-ices-data,ICES Marine Data,data_format,ices_exchange_format,tag-data-format-ices-exchange-format,ICES exchange format,0.86,src-ices-data,formatsOrStandards: ICES data formats; theme-specific packages,
system-ices-data,ICES Marine Data,data_type,chemical_biogeochemical,tag-data-type-chemical-biogeochemical,Chemical / biogeochemical,0.86,src-ices-data,dataTypes: oceanography; fisheries; biodiversity; contaminants; surveys,
system-ices-data,ICES Marine Data,data_type,fisheries_catch_effort,tag-data-type-fisheries-catch-effort,Fisheries catch / effort,0.84,src-ices-data,dataTypes: oceanography; fisheries; biodiversity; contaminants; surveys,
system-ices-data,ICES Marine Data,read_method,api,tag-read-method-api,API,0.85,src-ices-data,apiOrDownloadModes: web; APIs; themed portals,
system-ices-data,ICES Marine Data,read_method,federated_portal,tag-read-method-federated-portal,Federated portal/service,0.78,src-ices-data,apiOrDownloadModes: web; APIs; themed portals,
system-ices-data,ICES Marine Data,read_method,web,tag-read-method-web,Web UI,0.80,src-ices-data,apiOrDownloadModes: web; APIs; themed portals,
system-ices-data,ICES Marine Data,write_method,web_submission,tag-write-method-web-submission,Web submission,0.78,src-ices-data,submissionSupported/apiOrDownloadModes: yes; web; APIs; themed portals,
system-intercatch,InterCatch,data_format,controlled_vocabulary,tag-data-format-controlled-vocabulary,Controlled vocabulary,0.84,src-intercatch,formatsOrStandards: InterCatch exchange format; ICES codes,
system-intercatch,InterCatch,data_format,ices_exchange_format,tag-data-format-ices-exchange-format,ICES exchange format,0.86,src-intercatch,formatsOrStandards: InterCatch exchange format; ICES codes,
system-intercatch,InterCatch,data_format,intercatch_exchange,tag-data-format-intercatch-exchange,InterCatch exchange format,0.90,src-intercatch,formatsOrStandards: InterCatch exchange format; ICES codes,
system-intercatch,InterCatch,data_type,fisheries_catch_effort,tag-data-type-fisheries-catch-effort,Fisheries catch / effort,0.84,src-intercatch,dataTypes: catch; effort; landings; discards; bycatch,
system-intercatch,InterCatch,read_method,download,tag-read-method-download,Download,0.86,src-intercatch,apiOrDownloadModes: web; uploads; downloads,
system-intercatch,InterCatch,read_method,web,tag-read-method-web,Web UI,0.80,src-intercatch,apiOrDownloadModes: web; uploads; downloads,
system-intercatch,InterCatch,write_method,upload,tag-write-method-upload,Upload,0.88,src-intercatch,apiOrDownloadModes: web; uploads; downloads,
system-intercatch,InterCatch,write_method,web_submission,tag-write-method-web-submission,Web submission,0.78,src-intercatch,submissionSupported/apiOrDownloadModes: yes; web; uploads; downloads,
system-insdc,International Nucleotide Sequence Database Collaboration,data_format,csv_tabular,tag-data-format-csv-tabular,CSV / tabular,0.80,src-insdc-about,formatsOrStandards: INSDC standards; flat files; SRA metadata,
system-insdc,International Nucleotide Sequence Database Collaboration,data_format,metadata_schema,tag-data-format-metadata-schema,Metadata schema,0.82,src-insdc-about,formatsOrStandards: INSDC standards; flat files; SRA metadata,
system-insdc,International Nucleotide Sequence Database Collaboration,data_format,sequence_standard,tag-data-format-sequence-standard,Sequence archive standard,0.88,src-insdc-about,formatsOrStandards: INSDC standards; flat files; SRA metadata,
system-insdc,International Nucleotide Sequence Database Collaboration,data_type,genomic_sequence,tag-data-type-genomic-sequence,Genomic / sequence,0.88,src-insdc-about,dataTypes: reads; sequences; assemblies; samples; projects,
system-insdc,International Nucleotide Sequence Database Collaboration,data_type,sample_biosample,tag-data-type-sample-biosample,Sample / biosample,0.83,src-insdc-about,dataTypes: reads; sequences; assemblies; samples; projects,
system-insdc,International Nucleotide Sequence Database Collaboration,read_method,api,tag-read-method-api,API,0.85,src-insdc-about,apiOrDownloadModes: member portals; APIs; downloads,
system-insdc,International Nucleotide Sequence Database Collaboration,read_method,download,tag-read-method-download,Download,0.86,src-insdc-about,apiOrDownloadModes: member portals; APIs; downloads,
system-insdc,International Nucleotide Sequence Database Collaboration,read_method,federated_portal,tag-read-method-federated-portal,Federated portal/service,0.78,src-insdc-about,apiOrDownloadModes: member portals; APIs; downloads,
system-insdc,International Nucleotide Sequence Database Collaboration,write_method,web_submission,tag-write-method-web-submission,Web submission,0.78,src-insdc-about,submissionSupported/apiOrDownloadModes: yes; member portals; APIs; downloads,
system-marine-regions,Marine Regions,data_format,shapefile_gis,tag-data-format-shapefile-gis,Shapefile / GIS layers,0.85,src-marine-regions-about,formatsOrStandards: gazetteer and GIS layers,
system-marine-regions,Marine Regions,data_type,geographic_spatial,tag-data-type-geographic-spatial,Geographic / spatial,0.80,src-marine-regions-about,dataTypes: marine place names; boundaries; gazetteer,
system-marine-regions,Marine Regions,read_method,download,tag-read-method-download,Download,0.86,src-marine-regions-about,apiOrDownloadModes: web; downloads; gazetteer services,
system-marine-regions,Marine Regions,read_method,federated_portal,tag-read-method-federated-portal,Federated portal/service,0.78,src-marine-regions-about,apiOrDownloadModes: web; downloads; gazetteer services,
system-marine-regions,Marine Regions,read_method,web,tag-read-method-web,Web UI,0.80,src-marine-regions-about,apiOrDownloadModes: web; downloads; gazetteer services,
system-marine-regions,Marine Regions,write_method,no_direct_write,tag-write-method-no-direct-write,No direct write,0.75,src-marine-regions-about,submissionSupported: no,
system-mgnify,MGnify,data_format,metadata_schema,tag-data-format-metadata-schema,Metadata schema,0.82,src-mgnify-about,formatsOrStandards: ENA data schemes; GSC metadata,
system-mgnify,MGnify,data_format,sequence_standard,tag-data-format-sequence-standard,Sequence archive standard,0.88,src-mgnify-about,formatsOrStandards: ENA data schemes; GSC metadata,
system-mgnify,MGnify,data_type,genomic_sequence,tag-data-type-genomic-sequence,Genomic / sequence,0.88,src-mgnify-about,dataTypes: metagenomic; metatranscriptomic; amplicon; assembly analyses,
system-mgnify,MGnify,read_method,api,tag-read-method-api,API,0.85,src-mgnify-about,apiOrDownloadModes: web; REST API; submission workflow,
system-mgnify,MGnify,read_method,rest_api,tag-read-method-rest-api,REST API,0.90,src-mgnify-about,apiOrDownloadModes: web; REST API; submission workflow,
system-mgnify,MGnify,read_method,web,tag-read-method-web,Web UI,0.80,src-mgnify-about,apiOrDownloadModes: web; REST API; submission workflow,
system-mgnify,MGnify,write_method,indirect_partner_submission,tag-write-method-indirect-partner-submission,Indirect partner submission,0.82,src-mgnify-about,submissionSupported: indirect,
system-mgnify,MGnify,write_method,ipt_publish,tag-write-method-ipt-publish,IPT publish,0.86,src-mgnify-about,apiOrDownloadModes/evidence: web; REST API; submission workflow,
system-mgnify,MGnify,write_method,submission_workflow,tag-write-method-submission-workflow,Submission workflow,0.86,src-mgnify-about,apiOrDownloadModes: web; REST API; submission workflow,
system-molluscabase,MolluscaBase,data_format,identifier_vocab,tag-data-format-identifier-vocab,Identifier vocabulary,0.80,src-molluscabase-about,formatsOrStandards: WoRMS Aphia infrastructure; literature-based taxonomy,
system-molluscabase,MolluscaBase,data_type,geographic_spatial,tag-data-type-geographic-spatial,Geographic / spatial,0.80,src-molluscabase-about,dataTypes: taxonomy; distributions; literature; attributes,
system-molluscabase,MolluscaBase,data_type,literature_reference,tag-data-type-literature-reference,Literature / reference,0.80,src-molluscabase-about,dataTypes: taxonomy; distributions; literature; attributes,
system-molluscabase,MolluscaBase,data_type,occurrence_observation,tag-data-type-occurrence-observation,Occurrence / observation,0.88,src-molluscabase-about,dataTypes: taxonomy; distributions; literature; attributes,
system-molluscabase,MolluscaBase,data_type,taxonomy_nomenclature,tag-data-type-taxonomy-nomenclature,Taxonomy / nomenclature,0.87,src-molluscabase-about,dataTypes: taxonomy; distributions; literature; attributes,
system-molluscabase,MolluscaBase,data_type,trait_ecology,tag-data-type-trait-ecology,Traits / ecology,0.82,src-molluscabase-about,dataTypes: taxonomy; distributions; literature; attributes,
system-molluscabase,MolluscaBase,read_method,web,tag-read-method-web,Web UI,0.80,src-molluscabase-about,apiOrDownloadModes: web,
system-molluscabase,MolluscaBase,write_method,no_direct_write,tag-write-method-no-direct-write,No direct write,0.75,src-molluscabase-about,submissionSupported: no,
system-noaa-ncei-marine,NOAA NCEI Marine Data,data_format,community_standard,tag-data-format-community-standard,Community-specific standard,0.75,src-ncei-marine,formatsOrStandards: multiple NOAA and community formats,
system-noaa-ncei-marine,NOAA NCEI Marine Data,data_type,bathymetry_geology_imagery,tag-data-type-bathymetry-geology-imagery,Bathymetry / geology / imagery,0.86,src-ncei-marine,dataTypes: oceanographic; fisheries; bathymetry; marine geology; imagery,
system-noaa-ncei-marine,NOAA NCEI Marine Data,data_type,fisheries_catch_effort,tag-data-type-fisheries-catch-effort,Fisheries catch / effort,0.84,src-ncei-marine,dataTypes: oceanographic; fisheries; bathymetry; marine geology; imagery,
system-noaa-ncei-marine,NOAA NCEI Marine Data,data_type,geographic_spatial,tag-data-type-geographic-spatial,Geographic / spatial,0.80,src-ncei-marine,dataTypes: oceanographic; fisheries; bathymetry; marine geology; imagery,
system-noaa-ncei-marine,NOAA NCEI Marine Data,data_type,images_media,tag-data-type-images-media,Images / media,0.82,src-ncei-marine,dataTypes: oceanographic; fisheries; bathymetry; marine geology; imagery,
system-noaa-ncei-marine,NOAA NCEI Marine Data,data_type,physical_oceanography,tag-data-type-physical-oceanography,Physical oceanography,0.82,src-ncei-marine,dataTypes: oceanographic; fisheries; bathymetry; marine geology; imagery,
system-noaa-ncei-marine,NOAA NCEI Marine Data,read_method,api,tag-read-method-api,API,0.85,src-ncei-marine,apiOrDownloadModes: web; downloads; APIs vary,
system-noaa-ncei-marine,NOAA NCEI Marine Data,read_method,download,tag-read-method-download,Download,0.86,src-ncei-marine,apiOrDownloadModes: web; downloads; APIs vary,
system-noaa-ncei-marine,NOAA NCEI Marine Data,read_method,web,tag-read-method-web,Web UI,0.80,src-ncei-marine,apiOrDownloadModes: web; downloads; APIs vary,
system-noaa-ncei-marine,NOAA NCEI Marine Data,write_method,web_submission,tag-write-method-web-submission,Web submission,0.78,src-ncei-marine,submissionSupported/apiOrDownloadModes: yes; web; downloads; APIs vary,
platform-obis,Ocean Biodiversity Information System (OBIS),data_format,csv_tabular,tag-data-format-csv-tabular,CSV / tabular,0.82,src-obis-access,OBIS Mapper downloads produce CSV-style occurrence data tables.,manual supplemental research
platform-obis,Ocean Biodiversity Information System (OBIS),data_format,darwin_core,tag-data-format-darwin-core,Darwin Core,0.95,src-obis-ipt,OBIS IPT workflow maps data to Darwin Core terms.,manual supplemental research
platform-obis,Ocean Biodiversity Information System (OBIS),data_format,darwin_core_archive,tag-data-format-darwin-core-archive,Darwin Core Archive,0.95,src-obis-ipt,OBIS IPT publication produces Darwin Core Archive packages.,manual supplemental research
platform-obis,Ocean Biodiversity Information System (OBIS),data_format,eml,tag-data-format-eml,Ecological Metadata Language,0.90,src-obis-ipt,OBIS IPT packages include eml.xml metadata in Ecological Metadata Language format.,manual supplemental research
platform-obis,Ocean Biodiversity Information System (OBIS),data_format,emof,tag-data-format-emof,Extended MeasurementOrFact,0.90,src-obis-access,OBIS downloads can include eMoF alongside Event and Occurrence data.,manual supplemental research
platform-obis,Ocean Biodiversity Information System (OBIS),data_format,identifier_vocab,tag-data-format-identifier-vocab,Identifier vocabulary,0.86,src-obis-darwin-core,OBIS uses scientificNameID/WoRMS LSID lookup and AphiaID-style taxonomic identifiers.,manual supplemental research
platform-obis,Ocean Biodiversity Information System (OBIS),data_type,genomic_sequence,tag-data-type-genomic-sequence,Genomic / sequence,0.78,src-obis-access,OBIS downloads can include DNA Derived Data extensions.,manual supplemental research
platform-obis,Ocean Biodiversity Information System (OBIS),data_type,geographic_spatial,tag-data-type-geographic-spatial,Geographic / spatial,0.86,src-obis-access,OBIS Mapper supports geographic filtering and mapped data inspection.,manual supplemental research
platform-obis,Ocean Biodiversity Information System (OBIS),data_type,metadata_catalog_registry,tag-data-type-metadata-catalog-registry,Metadata catalogue / registry,0.86,src-obis-access,"OBIS supports dataset pages, node filters, dataset UUIDs, and metadata-backed discovery.",manual supplemental research
platform-obis,Ocean Biodiversity Information System (OBIS),data_type,occurrence_observation,tag-data-type-occurrence-observation,Occurrence / observation,0.95,src-obis-access,OBIS provides over 100 million marine records including occurrence and event data.,manual supplemental research
platform-obis,Ocean Biodiversity Information System (OBIS),data_type,taxonomy_nomenclature,tag-data-type-taxonomy-nomenclature,Taxonomy / nomenclature,0.85,src-obis-darwin-core,OBIS enriches records with taxonomic information from WoRMS.,manual supplemental research
platform-obis,Ocean Biodiversity Information System (OBIS),read_method,api,tag-read-method-api,API,0.95,src-obis-access,OBIS data access includes the OBIS API.,manual supplemental research
platform-obis,Ocean Biodiversity Information System (OBIS),read_method,dashboard_viewer,tag-read-method-dashboard-viewer,Dashboard / viewer,0.90,src-obis-access,OBIS Mapper is used to visualize and inspect data subsets.,manual supplemental research
platform-obis,Ocean Biodiversity Information System (OBIS),read_method,download,tag-read-method-download,Download,0.95,src-obis-access,"OBIS provides homepage, mapper, full export, and IPT download paths.",manual supplemental research
platform-obis,Ocean Biodiversity Information System (OBIS),read_method,ipt,tag-read-method-ipt,IPT,0.95,src-obis-ipt,OBIS datasets and metadata are published using IPT instances.,manual supplemental research
platform-obis,Ocean Biodiversity Information System (OBIS),read_method,rest_api,tag-read-method-rest-api,REST API,0.80,src-obis-access,"OBIS data access exposes API filter options for occurrence, taxon, checklist, node, dataset, institute, area, country, facet, and statistics.",manual supplemental research
platform-obis,Ocean Biodiversity Information System (OBIS),read_method,sdk_notebook,tag-read-method-sdk-notebook,SDK / notebook,0.85,src-obis-access,OBIS data access includes the R package robis.,manual supplemental research
platform-obis,Ocean Biodiversity Information System (OBIS),read_method,web,tag-read-method-web,Web UI,0.90,src-obis-about,OBIS is a global marine biodiversity platform with web access.,manual supplemental research
platform-obis,Ocean Biodiversity Information System (OBIS),write_method,ipt_publish,tag-write-method-ipt-publish,IPT publish,0.95,src-obis-ipt,Biodiversity datasets and metadata are published in OBIS using the Integrated Publishing Toolkit.,manual supplemental research
platform-obis,Ocean Biodiversity Information System (OBIS),write_method,manager_mediated_submission,tag-write-method-manager-mediated-submission,Manager-mediated submission,0.88,src-obis-ipt,OBIS data publication can be manager-driven or user-driven by node managers/data providers.,manual supplemental research
platform-obis,Ocean Biodiversity Information System (OBIS),write_method,template_csv_workflow,tag-write-method-template-csv-workflow,Template / CSV workflow,0.84,src-obis-ipt,OBIS IPT accepts delimited text files and maps fields to Darwin Core.,manual supplemental research
platform-obis,Ocean Biodiversity Information System (OBIS),write_method,upload,tag-write-method-upload,Upload,0.85,src-obis-ipt,OBIS IPT workflow includes uploading source data files.,manual supplemental research
system-odis,Ocean Data and Information System,data_format,odis_architecture,tag-data-format-odis-architecture,ODIS architecture,0.86,src-odis,formatsOrStandards: ODIS architecture conventions,
system-odis,Ocean Data and Information System,data_type,metadata_catalog_registry,tag-data-type-metadata-catalog-registry,Metadata catalogue / registry,0.84,src-odis,dataTypes: metadata federation; knowledge graph; node catalogue,
system-odis,Ocean Data and Information System,read_method,dashboard_viewer,tag-read-method-dashboard-viewer,Dashboard / viewer,0.80,src-odis,apiOrDownloadModes: web; architecture; dashboard; harvesting,
system-odis,Ocean Data and Information System,read_method,harvest,tag-read-method-harvest,Harvest,0.85,src-odis,apiOrDownloadModes: web; architecture; dashboard; harvesting,
system-odis,Ocean Data and Information System,read_method,web,tag-read-method-web,Web UI,0.80,src-odis,apiOrDownloadModes: web; architecture; dashboard; harvesting,
system-odis,Ocean Data and Information System,write_method,harvested_node,tag-write-method-harvested-node,Harvested node,0.72,src-odis,system role/apiOrDownloadModes: registry_federation; web; architecture; dashboard; harvesting,
system-odis,Ocean Data and Information System,write_method,no_direct_write,tag-write-method-no-direct-write,No direct write,0.75,src-odis,submissionSupported: no,
system-oceaninfohub,Ocean InfoHub,data_format,odis_architecture,tag-data-format-odis-architecture,ODIS architecture,0.86,src-oceaninfohub-about,formatsOrStandards: ODIS architecture,
system-oceaninfohub,Ocean InfoHub,data_type,metadata_catalog_registry,tag-data-type-metadata-catalog-registry,Metadata catalogue / registry,0.84,src-oceaninfohub-about,dataTypes: discovery portal; linked ocean information,
system-oceaninfohub,Ocean InfoHub,data_type,platform_instrument_status,tag-data-type-platform-instrument-status,Platform / instrument status,0.78,src-oceaninfohub-about,dataTypes: discovery portal; linked ocean information,
system-oceaninfohub,Ocean InfoHub,read_method,dashboard_viewer,tag-read-method-dashboard-viewer,Dashboard / viewer,0.80,src-oceaninfohub-about,apiOrDownloadModes: web; knowledge graph views,
system-oceaninfohub,Ocean InfoHub,read_method,web,tag-read-method-web,Web UI,0.80,src-oceaninfohub-about,apiOrDownloadModes: web; knowledge graph views,
system-oceaninfohub,Ocean InfoHub,write_method,harvested_node,tag-write-method-harvested-node,Harvested node,0.72,src-oceaninfohub-about,system role/apiOrDownloadModes: delivery_portal; web; knowledge graph views,
system-oceaninfohub,Ocean InfoHub,write_method,no_direct_write,tag-write-method-no-direct-write,No direct write,0.75,src-oceaninfohub-about,submissionSupported: no,
system-ooi-data,Ocean Observatories Initiative Data Portal,data_format,instrument_data_product,tag-data-format-instrument-data-product,Instrument data product,0.78,src-ooi-data,formatsOrStandards: OOI data products and instrument outputs,
system-ooi-data,Ocean Observatories Initiative Data Portal,data_type,physical_oceanography,tag-data-type-physical-oceanography,Physical oceanography,0.82,src-ooi-data,dataTypes: real-time and historical instrument data,
system-ooi-data,Ocean Observatories Initiative Data Portal,data_type,platform_instrument_status,tag-data-type-platform-instrument-status,Platform / instrument status,0.78,src-ooi-data,dataTypes: real-time and historical instrument data,
system-ooi-data,Ocean Observatories Initiative Data Portal,read_method,download,tag-read-method-download,Download,0.86,src-ooi-data,apiOrDownloadModes: web; downloads,
system-ooi-data,Ocean Observatories Initiative Data Portal,read_method,web,tag-read-method-web,Web UI,0.80,src-ooi-data,apiOrDownloadModes: web; downloads,
system-ooi-data,Ocean Observatories Initiative Data Portal,write_method,no_direct_write,tag-write-method-no-direct-write,No direct write,0.75,src-ooi-data,submissionSupported: no,
system-oceanops,OceanOPS,data_format,metadata_schema,tag-data-format-metadata-schema,Metadata schema,0.82,src-oceanops-ioc,formatsOrStandards: observing platform metadata,
system-oceanops,OceanOPS,data_format,platform_metadata,tag-data-format-platform-metadata,Platform metadata,0.88,src-oceanops-ioc,formatsOrStandards: observing platform metadata,
system-oceanops,OceanOPS,data_type,metadata_catalog_registry,tag-data-type-metadata-catalog-registry,Metadata catalogue / registry,0.84,src-oceanops-ioc,dataTypes: platform metadata; network status; deployment coordination,
system-oceanops,OceanOPS,data_type,operational_coordination,tag-data-type-operational-coordination,Operational coordination,0.83,src-oceanops-ioc,dataTypes: platform metadata; network status; deployment coordination,
system-oceanops,OceanOPS,data_type,platform_instrument_status,tag-data-type-platform-instrument-status,Platform / instrument status,0.78,src-oceanops-ioc,dataTypes: platform metadata; network status; deployment coordination,
system-oceanops,OceanOPS,read_method,dashboard_viewer,tag-read-method-dashboard-viewer,Dashboard / viewer,0.80,src-oceanops-ioc,apiOrDownloadModes: web; dashboards; monitoring services,
system-oceanops,OceanOPS,read_method,web,tag-read-method-web,Web UI,0.80,src-oceanops-ioc,apiOrDownloadModes: web; dashboards; monitoring services,
system-oceanops,OceanOPS,write_method,no_direct_write,tag-write-method-no-direct-write,No direct write,0.75,src-oceanops-ioc,submissionSupported: no,
system-oceansites,OceanSITES,data_format,netcdf,tag-data-format-netcdf,NetCDF,0.90,src-oceansites-format,formatsOrStandards: OceanSITES NetCDF; OceanSITES data format,
system-oceansites,OceanSITES,data_type,atmospheric_time_series,tag-data-type-atmospheric-time-series,Atmospheric time series,0.82,src-oceansites-format,dataTypes: physical; biogeochemical; ecosystem; atmospheric time series,
system-oceansites,OceanSITES,data_type,chemical_biogeochemical,tag-data-type-chemical-biogeochemical,Chemical / biogeochemical,0.86,src-oceansites-format,dataTypes: physical; biogeochemical; ecosystem; atmospheric time series,
system-oceansites,OceanSITES,data_type,physical_oceanography,tag-data-type-physical-oceanography,Physical oceanography,0.82,src-oceansites-format,dataTypes: physical; biogeochemical; ecosystem; atmospheric time series,
system-oceansites,OceanSITES,read_method,download,tag-read-method-download,Download,0.86,src-oceansites-format,apiOrDownloadModes: web; downloads,
system-oceansites,OceanSITES,read_method,web,tag-read-method-web,Web UI,0.80,src-oceansites-format,apiOrDownloadModes: web; downloads,
system-oceansites,OceanSITES,write_method,indirect_partner_submission,tag-write-method-indirect-partner-submission,Indirect partner submission,0.82,src-oceansites-format,submissionSupported: indirect,
system-pangaea,PANGAEA,data_format,doi_package,tag-data-format-doi-package,DOI package,0.85,src-pangaea-about,formatsOrStandards: DOI-centered data publishing,
system-pangaea,PANGAEA,data_format,identifier_vocab,tag-data-format-identifier-vocab,Identifier vocabulary,0.80,src-pangaea-about,formatsOrStandards: DOI-centered data publishing,
system-pangaea,PANGAEA,data_type,environmental_layers,tag-data-type-environmental-layers,Environmental layers,0.84,src-pangaea-about,dataTypes: georeferenced environmental and earth system data,
system-pangaea,PANGAEA,read_method,api,tag-read-method-api,API,0.85,src-pangaea-about,apiOrDownloadModes: web; search; API services,
system-pangaea,PANGAEA,read_method,search_ui,tag-read-method-search-ui,Search / query UI,0.84,src-pangaea-about,apiOrDownloadModes: web; search; API services,
system-pangaea,PANGAEA,read_method,web,tag-read-method-web,Web UI,0.80,src-pangaea-about,apiOrDownloadModes: web; search; API services,
system-pangaea,PANGAEA,write_method,api_write,tag-write-method-api-write,API write,0.68,src-pangaea-about,apiOrDownloadModes + repository role: web; search; API services,Inferred because repository supports submission and exposes API-style access; verify before using as an operational integration path.
system-pangaea,PANGAEA,write_method,doi_archive_publish,tag-write-method-doi-archive-publish,DOI archive publish,0.83,src-pangaea-about,formatsOrStandards/apiOrDownloadModes: DOI-centered data publishing; web; search; API services,
system-pangaea,PANGAEA,write_method,web_submission,tag-write-method-web-submission,Web submission,0.78,src-pangaea-about,submissionSupported/apiOrDownloadModes: yes; web; search; API services,
system-re3data,re3data,data_format,metadata_schema,tag-data-format-metadata-schema,Metadata schema,0.82,src-re3data-about,formatsOrStandards: re3data metadata schema,
system-re3data,re3data,data_format,re3data_schema,tag-data-format-re3data-schema,re3data metadata schema,0.90,src-re3data-about,formatsOrStandards: re3data metadata schema,
system-re3data,re3data,data_type,metadata_catalog_registry,tag-data-type-metadata-catalog-registry,Metadata catalogue / registry,0.84,src-re3data-about,dataTypes: repository registry metadata,
system-re3data,re3data,read_method,metadata_catalog,tag-read-method-metadata-catalog,Metadata catalogue,0.86,src-re3data-about,apiOrDownloadModes: web; search; metadata catalogue,
system-re3data,re3data,read_method,search_ui,tag-read-method-search-ui,Search / query UI,0.84,src-re3data-about,apiOrDownloadModes: web; search; metadata catalogue,
system-re3data,re3data,read_method,web,tag-read-method-web,Web UI,0.80,src-re3data-about,apiOrDownloadModes: web; search; metadata catalogue,
system-re3data,re3data,write_method,no_direct_write,tag-write-method-no-direct-write,No direct write,0.75,src-re3data-about,submissionSupported: no,
system-rdbes,Regional DataBase and Estimation System,data_format,ices_exchange_format,tag-data-format-ices-exchange-format,ICES exchange format,0.86,src-rdbes,formatsOrStandards: RDBES exchange documentation; ICES formats,
system-rdbes,Regional DataBase and Estimation System,data_format,rdbes_exchange,tag-data-format-rdbes-exchange,RDBES exchange format,0.90,src-rdbes,formatsOrStandards: RDBES exchange documentation; ICES formats,
system-rdbes,Regional DataBase and Estimation System,data_type,aquaculture_statistics,tag-data-type-aquaculture-statistics,Aquaculture / production statistics,0.82,src-rdbes,dataTypes: landing data; effort; bycatch; sampling data; statistical estimates,
system-rdbes,Regional DataBase and Estimation System,data_type,fisheries_catch_effort,tag-data-type-fisheries-catch-effort,Fisheries catch / effort,0.84,src-rdbes,dataTypes: landing data; effort; bycatch; sampling data; statistical estimates,
system-rdbes,Regional DataBase and Estimation System,read_method,download,tag-read-method-download,Download,0.86,src-rdbes,apiOrDownloadModes: web; uploads; downloads,
system-rdbes,Regional DataBase and Estimation System,read_method,web,tag-read-method-web,Web UI,0.80,src-rdbes,apiOrDownloadModes: web; uploads; downloads,
system-rdbes,Regional DataBase and Estimation System,write_method,upload,tag-write-method-upload,Upload,0.88,src-rdbes,apiOrDownloadModes: web; uploads; downloads,
system-rdbes,Regional DataBase and Estimation System,write_method,web_submission,tag-write-method-web-submission,Web submission,0.78,src-rdbes,submissionSupported/apiOrDownloadModes: yes; web; uploads; downloads,
system-sea-around-us,Sea Around Us,data_format,analytical_product,tag-data-format-analytical-product,Analytical product,0.78,src-seaaroundus-about,formatsOrStandards: project-specific analytical products,
system-sea-around-us,Sea Around Us,data_type,data_product_visualization,tag-data-type-data-product-visualization,Data product / visualization,0.72,src-seaaroundus-about,dataTypes: catch reconstructions; fisheries indicators; mapped products,
system-sea-around-us,Sea Around Us,data_type,fisheries_catch_effort,tag-data-type-fisheries-catch-effort,Fisheries catch / effort,0.84,src-seaaroundus-about,dataTypes: catch reconstructions; fisheries indicators; mapped products,
system-sea-around-us,Sea Around Us,data_type,geographic_spatial,tag-data-type-geographic-spatial,Geographic / spatial,0.80,src-seaaroundus-about,dataTypes: catch reconstructions; fisheries indicators; mapped products,
system-sea-around-us,Sea Around Us,data_type,research_artifact_publication,tag-data-type-research-artifact-publication,Research artifact / publication,0.76,src-seaaroundus-about,dataTypes: catch reconstructions; fisheries indicators; mapped products,
system-sea-around-us,Sea Around Us,read_method,download,tag-read-method-download,Download,0.86,src-seaaroundus-about,apiOrDownloadModes: web; tools; downloads,
system-sea-around-us,Sea Around Us,read_method,search_ui,tag-read-method-search-ui,Search / query UI,0.84,src-seaaroundus-about,apiOrDownloadModes: web; tools; downloads,
system-sea-around-us,Sea Around Us,read_method,web,tag-read-method-web,Web UI,0.80,src-seaaroundus-about,apiOrDownloadModes: web; tools; downloads,
system-sea-around-us,Sea Around Us,write_method,no_direct_write,tag-write-method-no-direct-write,No direct write,0.75,src-seaaroundus-about,submissionSupported: no,
system-seadatanet,SeaDataNet,data_format,controlled_vocabulary,tag-data-format-controlled-vocabulary,Controlled vocabulary,0.84,src-seadatanet-home,formatsOrStandards: SeaDataNet vocabularies and formats,
system-seadatanet,SeaDataNet,data_format,seadatanet_standard,tag-data-format-seadatanet-standard,SeaDataNet standard,0.88,src-seadatanet-home,formatsOrStandards: SeaDataNet vocabularies and formats,
system-seadatanet,SeaDataNet,data_type,environmental_layers,tag-data-type-environmental-layers,Environmental layers,0.84,src-seadatanet-home,dataTypes: ocean and marine environmental data; metadata,
system-seadatanet,SeaDataNet,data_type,metadata_catalog_registry,tag-data-type-metadata-catalog-registry,Metadata catalogue / registry,0.84,src-seadatanet-home,dataTypes: ocean and marine environmental data; metadata,
system-seadatanet,SeaDataNet,read_method,federated_portal,tag-read-method-federated-portal,Federated portal/service,0.78,src-seadatanet-home,apiOrDownloadModes: web; machine interfaces; distributed services,
system-seadatanet,SeaDataNet,read_method,web,tag-read-method-web,Web UI,0.80,src-seadatanet-home,apiOrDownloadModes: web; machine interfaces; distributed services,
system-seadatanet,SeaDataNet,write_method,harvested_node,tag-write-method-harvested-node,Harvested node,0.72,src-seadatanet-home,system role/apiOrDownloadModes: registry_federation; web; machine interfaces; distributed services,
system-seadatanet,SeaDataNet,write_method,web_submission,tag-write-method-web-submission,Web submission,0.78,src-seadatanet-home,submissionSupported/apiOrDownloadModes: yes; web; machine interfaces; distributed services,
system-seadatanet-cdi,SeaDataNet Common Data Index,data_format,controlled_vocabulary,tag-data-format-controlled-vocabulary,Controlled vocabulary,0.84,src-seadatanet-cdi,formatsOrStandards: SeaDataNet standard formats; controlled vocabularies,
system-seadatanet-cdi,SeaDataNet Common Data Index,data_format,seadatanet_standard,tag-data-format-seadatanet-standard,SeaDataNet standard,0.88,src-seadatanet-cdi,formatsOrStandards: SeaDataNet standard formats; controlled vocabularies,
system-seadatanet-cdi,SeaDataNet Common Data Index,data_type,metadata_catalog_registry,tag-data-type-metadata-catalog-registry,Metadata catalogue / registry,0.84,src-seadatanet-cdi,dataTypes: metadata and dataset access across marine data centres,
system-seadatanet-cdi,SeaDataNet Common Data Index,read_method,api,tag-read-method-api,API,0.85,src-seadatanet-cdi,apiOrDownloadModes: web; API; SPARQL; WMS; WFS,
system-seadatanet-cdi,SeaDataNet Common Data Index,read_method,ogc_wfs,tag-read-method-ogc-wfs,WFS,0.90,src-seadatanet-cdi,apiOrDownloadModes: web; API; SPARQL; WMS; WFS,
system-seadatanet-cdi,SeaDataNet Common Data Index,read_method,ogc_wms,tag-read-method-ogc-wms,WMS,0.90,src-seadatanet-cdi,apiOrDownloadModes: web; API; SPARQL; WMS; WFS,
system-seadatanet-cdi,SeaDataNet Common Data Index,read_method,sparql,tag-read-method-sparql,SPARQL,0.90,src-seadatanet-cdi,apiOrDownloadModes: web; API; SPARQL; WMS; WFS,
system-seadatanet-cdi,SeaDataNet Common Data Index,read_method,web,tag-read-method-web,Web UI,0.80,src-seadatanet-cdi,apiOrDownloadModes: web; API; SPARQL; WMS; WFS,
system-seadatanet-cdi,SeaDataNet Common Data Index,write_method,harvested_node,tag-write-method-harvested-node,Harvested node,0.72,src-seadatanet-cdi,system role/apiOrDownloadModes: delivery_portal; web; API; SPARQL; WMS; WFS,
system-seadatanet-cdi,SeaDataNet Common Data Index,write_method,web_submission,tag-write-method-web-submission,Web submission,0.78,src-seadatanet-cdi,submissionSupported/apiOrDownloadModes: yes; web; API; SPARQL; WMS; WFS,
system-sealifebase,SeaLifeBase,data_format,rdf_linked_data,tag-data-format-rdf-linked-data,RDF / linked data,0.85,src-sealifebase-who,formatsOrStandards: linked biodiversity sources,
system-sealifebase,SeaLifeBase,data_type,geographic_spatial,tag-data-type-geographic-spatial,Geographic / spatial,0.80,src-sealifebase-who,dataTypes: species accounts; ecology; distributions,
system-sealifebase,SeaLifeBase,data_type,occurrence_observation,tag-data-type-occurrence-observation,Occurrence / observation,0.88,src-sealifebase-who,dataTypes: species accounts; ecology; distributions,
system-sealifebase,SeaLifeBase,data_type,taxonomy_nomenclature,tag-data-type-taxonomy-nomenclature,Taxonomy / nomenclature,0.87,src-sealifebase-who,dataTypes: species accounts; ecology; distributions,
system-sealifebase,SeaLifeBase,data_type,trait_ecology,tag-data-type-trait-ecology,Traits / ecology,0.82,src-sealifebase-who,dataTypes: species accounts; ecology; distributions,
system-sealifebase,SeaLifeBase,read_method,web,tag-read-method-web,Web UI,0.80,src-sealifebase-who,apiOrDownloadModes: web,
system-sealifebase,SeaLifeBase,write_method,no_direct_write,tag-write-method-no-direct-write,No direct write,0.75,src-sealifebase-who,submissionSupported: no,
system-socat,Surface Ocean CO2 Atlas,data_format,metadata_schema,tag-data-format-metadata-schema,Metadata schema,0.82,src-socat-about,formatsOrStandards: IOCCP metadata formats; gridded products,
system-socat,Surface Ocean CO2 Atlas,data_format,raster_gridded,tag-data-format-raster-gridded,Raster / gridded layers,0.85,src-socat-about,formatsOrStandards: IOCCP metadata formats; gridded products,
system-socat,Surface Ocean CO2 Atlas,data_type,chemical_biogeochemical,tag-data-type-chemical-biogeochemical,Chemical / biogeochemical,0.86,src-socat-about,dataTypes: surface fCO2; calibrated sensor data; gridded products,
system-socat,Surface Ocean CO2 Atlas,data_type,data_product_visualization,tag-data-type-data-product-visualization,Data product / visualization,0.72,src-socat-about,dataTypes: surface fCO2; calibrated sensor data; gridded products,
system-socat,Surface Ocean CO2 Atlas,data_type,research_artifact_publication,tag-data-type-research-artifact-publication,Research artifact / publication,0.76,src-socat-about,dataTypes: surface fCO2; calibrated sensor data; gridded products,
system-socat,Surface Ocean CO2 Atlas,read_method,download,tag-read-method-download,Download,0.86,src-socat-about,apiOrDownloadModes: web; downloads; submissions,
system-socat,Surface Ocean CO2 Atlas,read_method,web,tag-read-method-web,Web UI,0.80,src-socat-about,apiOrDownloadModes: web; downloads; submissions,
system-socat,Surface Ocean CO2 Atlas,write_method,submission_workflow,tag-write-method-submission-workflow,Submission workflow,0.86,src-socat-about,apiOrDownloadModes: web; downloads; submissions,
system-socat,Surface Ocean CO2 Atlas,write_method,web_submission,tag-write-method-web-submission,Web submission,0.78,src-socat-about,submissionSupported/apiOrDownloadModes: yes; web; downloads; submissions,
system-ioos,U.S. Integrated Ocean Observing System,data_format,community_standard,tag-data-format-community-standard,Community-specific standard,0.75,src-ioos-about,formatsOrStandards: varied national standards,
system-ioos,U.S. Integrated Ocean Observing System,data_type,model_forecast_reanalysis,tag-data-type-model-forecast-reanalysis,Model / forecast / reanalysis,0.84,src-ioos-about,dataTypes: observations; models; regional portals,
system-ioos,U.S. Integrated Ocean Observing System,data_type,occurrence_observation,tag-data-type-occurrence-observation,Occurrence / observation,0.88,src-ioos-about,dataTypes: observations; models; regional portals,
system-ioos,U.S. Integrated Ocean Observing System,data_type,platform_instrument_status,tag-data-type-platform-instrument-status,Platform / instrument status,0.78,src-ioos-about,dataTypes: observations; models; regional portals,
system-ioos,U.S. Integrated Ocean Observing System,read_method,federated_portal,tag-read-method-federated-portal,Federated portal/service,0.78,src-ioos-about,apiOrDownloadModes: regional portals; standards-based services,
system-ioos,U.S. Integrated Ocean Observing System,write_method,indirect_partner_submission,tag-write-method-indirect-partner-submission,Indirect partner submission,0.82,src-ioos-about,submissionSupported: indirect,
system-worms,World Register of Marine Species,data_format,controlled_vocabulary,tag-data-format-controlled-vocabulary,Controlled vocabulary,0.84,src-worms-about,formatsOrStandards: Aphia; LSID; taxonomic vocabularies,
system-worms,World Register of Marine Species,data_format,identifier_vocab,tag-data-format-identifier-vocab,Identifier vocabulary,0.80,src-worms-about,formatsOrStandards: Aphia; LSID; taxonomic vocabularies,
system-worms,World Register of Marine Species,data_type,geographic_spatial,tag-data-type-geographic-spatial,Geographic / spatial,0.80,src-worms-about,dataTypes: taxonomy; nomenclature; traits; distributions,
system-worms,World Register of Marine Species,data_type,occurrence_observation,tag-data-type-occurrence-observation,Occurrence / observation,0.88,src-worms-about,dataTypes: taxonomy; nomenclature; traits; distributions,
system-worms,World Register of Marine Species,data_type,taxonomy_nomenclature,tag-data-type-taxonomy-nomenclature,Taxonomy / nomenclature,0.87,src-worms-about,dataTypes: taxonomy; nomenclature; traits; distributions,
system-worms,World Register of Marine Species,data_type,trait_ecology,tag-data-type-trait-ecology,Traits / ecology,0.82,src-worms-about,dataTypes: taxonomy; nomenclature; traits; distributions,
system-worms,World Register of Marine Species,read_method,api,tag-read-method-api,API,0.85,src-worms-about,apiOrDownloadModes: web; REST API,
system-worms,World Register of Marine Species,read_method,rest_api,tag-read-method-rest-api,REST API,0.90,src-worms-about,apiOrDownloadModes: web; REST API,
system-worms,World Register of Marine Species,read_method,web,tag-read-method-web,Web UI,0.80,src-worms-about,apiOrDownloadModes: web; REST API,
system-worms,World Register of Marine Species,write_method,no_direct_write,tag-write-method-no-direct-write,No direct write,0.75,src-worms-about,submissionSupported: no,
system-zenodo,Zenodo,data_format,doi_package,tag-data-format-doi-package,DOI package,0.85,src-zenodo-about,formatsOrStandards: generic digital artefacts,
system-zenodo,Zenodo,data_type,research_artifact_publication,tag-data-type-research-artifact-publication,Research artifact / publication,0.76,src-zenodo-about,dataTypes: datasets; software; digital artefacts; publications,
system-zenodo,Zenodo,data_type,software_artifact,tag-data-type-software-artifact,Software artifact,0.88,src-zenodo-about,dataTypes: datasets; software; digital artefacts; publications,
system-zenodo,Zenodo,read_method,api,tag-read-method-api,API,0.85,src-zenodo-about,apiOrDownloadModes: web; API; DOI landing pages,
system-zenodo,Zenodo,read_method,doi_landing_page,tag-read-method-doi-landing-page,DOI landing page,0.86,src-zenodo-about,apiOrDownloadModes: web; API; DOI landing pages,
system-zenodo,Zenodo,read_method,web,tag-read-method-web,Web UI,0.80,src-zenodo-about,apiOrDownloadModes: web; API; DOI landing pages,
system-zenodo,Zenodo,write_method,api_write,tag-write-method-api-write,API write,0.68,src-zenodo-about,apiOrDownloadModes + repository role: web; API; DOI landing pages,Inferred because repository supports submission and exposes API-style access; verify before using as an operational integration path.
system-zenodo,Zenodo,write_method,doi_archive_publish,tag-write-method-doi-archive-publish,DOI archive publish,0.83,src-zenodo-about,formatsOrStandards/apiOrDownloadModes: generic digital artefacts; web; API; DOI landing pages,
system-zenodo,Zenodo,write_method,web_submission,tag-write-method-web-submission,Web submission,0.78,src-zenodo-about,submissionSupported/apiOrDownloadModes: yes; web; API; DOI landing pages,
